STATE,DISTRICT,TEH_NAME,BLOCK_NAME,LAT,LON,SITE_NAME,SITE_TYPE,WLCODE,YEAR_OBS,MONSOON,POMRB,POMKH,PREMON
RJ,Ajmer,Beawar,Masuda,26.1,74.41666667,Pakhriawas,Dug Well,W13583,2016,13.23,'0,12.52,14.1
RJ,Ajmer,Pisangan,Peesangan,26.24666667,74.57833333,Saradhana,Bore Well,W29516,2016,19.31,19.03,18.78,19.35
RJ,Ajmer,Sarwar,Arain,25.91111111,75.04166667,Sanpla,Dug Well,W13594,2016,5.45,'0,4.47,5.75
RJ,Ajmer,Nasirabad,Srinagar,26.26666667,74.83333333,Ramsar,Dug Well,W13589,2016,6.7,'0,5.72,7.15
RJ,Ajmer,Beawar,Jawaja,25.88333333,74.15,Taragarh,Dug Well,W13584,2016,4.12,'0,3.21,4.17
RJ,Ajmer,Beawar,Jawaja,26.05,74.28333333,Narbadkhera,Dug Well,W13582,2016,17.3,'0,17.5,17.8
RJ,Ajmer,Beawar,Jawaja,25.90833333,74.2,Baglias,Dug Well,W13577,2016,8.15,'0,7,9.63
RJ,Ajmer,Bhinai,Arain,26.2125,75.03611111,Barora,Dug Well,W18021,2016,'0,'0,0.15,'0
RJ,Ajmer,Arain,Arain,26.05,75,Sarwad,Dug Well,W18020,2016,2,'0,2.1,3.96
RJ,Ajmer,Srinagar,Srinagar,26.30833333,74.91666667,Morajhar,Bore Well,W18026,2016,8.39,'0,8.5,8.26
RJ,Ajmer,Masuda,Jawaja,26.03333333,74.35,Maidayabadaya,Dug Well,W18023,2016,9.67,'0,9.17,9.95
RJ,Ajmer,Masuda,Masuda,26.025,74.65833333,Jhopadiyan,Dug Well,W13569,2016,14.88,'0,14,15.15
RJ,Ajmer,Beawar,Masuda,26.09166667,74.5125,Masuda,Dug Well,W13581,2016,10.92,'0,10.48,11.3
RJ,Ajmer,Arain,Bhinay,26.12916667,74.92777778,Goelo-2,Dug Well,W18019,2016,6.67,'0,6.08,'0
RJ,Ajmer,Nasirabad,Peesangan,26.28666667,74.74027778,Nasirabad1,Dug Well,W13588,2016,0.62,'0,0.62,1.5
RJ,Ajmer,Ajmer,Peesangan,26.23333333,74.49166667,Lamana,Dug Well,W13575,2016,10.04,'0,9.39,'0
RJ,Ajmer,Kekri,Kekri,25.83333333,75.23333333,Bogla,Dug Well,W13585,2016,6.52,'0,5.81,6.67
RJ,Ajmer,Kekri,Kekri,25.98333333,75.15,Kekri1,Dug Well,W18022,2016,0.04,'0,0.73,1.57
RJ,Ajmer,Beawar,Jawaja,25.93333333,74.2,Jawaja,Dug Well,W13579,2016,'0,'0,7.7,'0
RJ,Ajmer,Beawar,Masuda,25.99722222,74.58333333,Ludiyana,Dug Well,W13580,2016,14.13,'0,12.84,14.33
RJ,Ajmer,Kishangarh,Arain,26.45,75.06666667,Arian,Dug Well,W13586,2016,14.12,'0,13.35,14.42
RJ,Ajmer,Arain,Arain,26.41666667,75.13333333,Dasuk,Dug Well,W18018,2016,4.45,'0,2.46,5.45
RJ,Ajmer,Nasirabad,Srinagar,26.4,74.86666667,Kanpur1,Dug Well,W13587,2016,'0,'0,3.41,'0
RJ,Ajmer,Srinagar,Peesangan,26.4,74.61666667,Tabiji,Dug Well,W18027,2016,5.56,'0,4.82,5.71
RJ,Ajmer,Silora,Kishangarh,26.65138889,74.93611111,Tiloniya,Bore Well,W18025,2016,23.68,'0,23.92,23.52
RJ,Ajmer,Bhinai,Srinagar,26.36888889,74.70583333,Gopalpura,Bore Well,W29556,2016,19.68,18.9,19.08,19
RJ,Ajmer,Masuda,Masuda,25.995,74.44944444,Daultpura,Bore Well,W29460,2016,17.36,16.9,16.8,16.82
RJ,Ajmer,Masuda,Masuda,26.07833333,74.37611111,Andheri Devi,Bore Well,W29478,2016,15.43,13.8,14,14
RJ,Ajmer,Masuda,Masuda,25.96666667,74.43333333,Ramgarh2,Bore Well,W20477,2016,31.1,'0,30.51,31
RJ,Ajmer,Sarwar,Arain,26.03333333,75.1,Ajagara,Dug Well,W13591,2016,3.37,'0,2.39,5.07
RJ,Ajmer,Beawar,Masuda,26.1,74.41666667,Pakhriawas,Dug Well,W13583,2015,6.1,8.45,7.88,7.93
RJ,Ajmer,Pisangan,Peesangan,26.24666667,74.57833333,Saradhana,Bore Well,W29516,2015,16.95,'0,17.08,'0
RJ,Ajmer,Sarwar,Arain,25.91111111,75.04166667,Sanpla,Dug Well,W13594,2015,3.3,4,4.51,4.62
RJ,Ajmer,Nasirabad,Srinagar,26.26666667,74.83333333,Ramsar,Dug Well,W13589,2015,4,6.58,5.12,7.28
RJ,Ajmer,Beawar,Jawaja,25.88333333,74.15,Taragarh,Dug Well,W13584,2015,1.2,1.4,1.46,1.2
RJ,Ajmer,Beawar,Jawaja,26.05,74.28333333,Narbadkhera,Dug Well,W13582,2015,8.16,6.82,10.78,11.14
RJ,Ajmer,Beawar,Jawaja,25.90833333,74.2,Baglias,Dug Well,W13577,2015,3.9,4.65,5.1,5.5
RJ,Ajmer,Bhinai,Arain,26.2125,75.03611111,Barora,Dug Well,W18021,2015,1.14,1.19,'0,2.62
RJ,Ajmer,Arain,Arain,26.05,75,Sarwad,Dug Well,W18020,2015,2.72,3.02,3.12,3.13
RJ,Ajmer,Srinagar,Srinagar,26.30833333,74.91666667,Morajhar,Bore Well,W18026,2015,9.48,9.28,8.99,11.85
RJ,Ajmer,Masuda,Jawaja,26.03333333,74.35,Maidayabadaya,Dug Well,W18023,2015,1.87,4.67,2.93,2.82
RJ,Ajmer,Masuda,Masuda,26.025,74.65833333,Jhopadiyan,Dug Well,W13569,2015,11.71,11.25,12,13.85
RJ,Ajmer,Beawar,Masuda,26.09166667,74.5125,Masuda,Dug Well,W13581,2015,7.47,4.39,8.94,8.15
RJ,Ajmer,Arain,Bhinay,26.12916667,74.92777778,Goelo-2,Dug Well,W18019,2015,5.07,4.27,5.93,8.69
RJ,Ajmer,Sarwar,Bhinay,26.14111111,74.80222222,Kalyanpura1,Dug Well,W13570,2015,'0,4.85,'0,'0
RJ,Ajmer,Nasirabad,Peesangan,26.28666667,74.74027778,Nasirabad1,Dug Well,W13588,2015,10.8,0.55,1.22,1.82
RJ,Ajmer,Ajmer,Peesangan,26.23333333,74.49166667,Lamana,Dug Well,W13575,2015,5.39,9.64,10.02,10.17
RJ,Ajmer,Kekri,Kekri,25.83333333,75.23333333,Bogla,Dug Well,W13585,2015,4.12,4.12,2.9,5.17
RJ,Ajmer,Kekri,Kekri,25.98333333,75.15,Kekri1,Dug Well,W18022,2015,0.84,'0,'0,0.84
RJ,Ajmer,Beawar,Jawaja,25.93333333,74.2,Jawaja,Dug Well,W13579,2015,6.1,6.3,6.48,8.55
RJ,Ajmer,Beawar,Masuda,25.99722222,74.58333333,Ludiyana,Dug Well,W13580,2015,13.18,11.33,11.29,13.19
RJ,Ajmer,Kishangarh,Arain,26.45,75.06666667,Arian,Dug Well,W13586,2015,1.19,1.82,1.43,2.17
RJ,Ajmer,Arain,Arain,26.41666667,75.13333333,Dasuk,Dug Well,W18018,2015,9.5,8.98,2.56,9.5
RJ,Ajmer,Nasirabad,Srinagar,26.4,74.86666667,Kanpur1,Dug Well,W13587,2015,1.66,2.5,'0,3.75
RJ,Ajmer,Srinagar,Peesangan,26.4,74.61666667,Tabiji,Dug Well,W18027,2015,4.71,3.57,4.12,3.97
RJ,Ajmer,Silora,Kishangarh,26.65138889,74.93611111,Tiloniya,Bore Well,W18025,2015,20.1,20.8,18.21,22.7
RJ,Ajmer,Ajmer,Srinagar,26.50416667,74.69166667,Ghugra,Dug Well,W13572,2015,5.86,'0,7.12,5.86
RJ,Ajmer,Bhinai,Srinagar,26.36888889,74.70583333,Gopalpura,Bore Well,W29556,2015,12.84,14.73,14.28,16.85
RJ,Ajmer,Masuda,Masuda,25.995,74.44944444,Daultpura,Bore Well,W29460,2015,10,9.3,10.17,19.58
RJ,Ajmer,Masuda,Masuda,26.07833333,74.37611111,Andheri Devi,Bore Well,W29478,2015,6.1,6.2,6.27,11.2
RJ,Ajmer,Masuda,Masuda,25.96666667,74.43333333,Ramgarh2,Bore Well,W20477,2015,23.7,18.14,26.71,24.38
RJ,Ajmer,Sarwar,Arain,26.03333333,75.1,Ajagara,Dug Well,W13591,2015,2.57,2.82,3.13,3.27
RJ,Ajmer,Beawar,Masuda,26.1,74.41666667,Pakhriawas,Dug Well,W13583,2014,8.38,14.3,5.75,11.6
RJ,Ajmer,Masuda,Masuda,25.96666667,74.43333333,Ramgarh2,Bore Well,W20477,2014,8.6,22.92,'0,27.35
RJ,Ajmer,Sarwar,Arain,25.91111111,75.04166667,Sanpla,Dug Well,W13594,2014,2.7,4.58,3.34,9.3
RJ,Ajmer,Nasirabad,Srinagar,26.26666667,74.83333333,Ramsar,Dug Well,W13589,2014,4.3,4.46,5.28,6.1
RJ,Ajmer,Beawar,Jawaja,25.88333333,74.15,Taragarh,Dug Well,W13584,2014,0.84,0.9,0.21,6.04
RJ,Ajmer,Beawar,Jawaja,26.05,74.28333333,Narbadkhera,Dug Well,W13582,2014,3.4,10.91,5.85,13.6
RJ,Ajmer,Beawar,Jawaja,25.90833333,74.2,Baglias,Dug Well,W13577,2014,3.3,4.3,2.85,5.7
RJ,Ajmer,Bhinai,Arain,26.2125,75.03611111,Barora,Dug Well,W18021,2014,7.78,'0,1.34,5.82
RJ,Ajmer,Arain,Arain,26.05,75,Sarwad,Dug Well,W18020,2014,1.6,3.08,3,2.8
RJ,Ajmer,Srinagar,Srinagar,26.30833333,74.91666667,Morajhar,Bore Well,W18026,2014,8.3,4.3,8.52,10.08
RJ,Ajmer,Masuda,Jawaja,26.03333333,74.35,Maidayabadaya,Dug Well,W18023,2014,0.37,2.47,1.62,3.87
RJ,Ajmer,Masuda,Masuda,26.025,74.65833333,Jhopadiyan,Dug Well,W13569,2014,12.4,9.5,8.5,8.55
RJ,Ajmer,Beawar,Masuda,26.09166667,74.5125,Masuda,Dug Well,W13581,2014,2.77,10.19,2.59,12.06
RJ,Ajmer,Arain,Bhinay,26.12916667,74.92777778,Goelo-2,Dug Well,W18019,2014,2.27,'0,3.57,5.32
RJ,Ajmer,Sarwar,Bhinay,26.14111111,74.80222222,Kalyanpura1,Dug Well,W13570,2014,5.16,4.98,3.48,5.46
RJ,Ajmer,Nasirabad,Peesangan,26.28666667,74.74027778,Nasirabad1,Dug Well,W13588,2014,0.4,1.05,0.53,16.5
RJ,Ajmer,Ajmer,Peesangan,26.23333333,74.49166667,Lamana,Dug Well,W13575,2014,11.29,9,9.55,9.03
RJ,Ajmer,Kekri,Kekri,25.83333333,75.23333333,Bogla,Dug Well,W13585,2014,3.72,5.26,3.19,7.36
RJ,Ajmer,Kekri,Kekri,25.98333333,75.15,Kekri1,Dug Well,W18022,2014,0.74,2.4,'0,0.84
RJ,Ajmer,Beawar,Jawaja,25.93333333,74.2,Jawaja,Dug Well,W13579,2014,3.5,5.84,3.2,8.5
RJ,Ajmer,Beawar,Masuda,25.99722222,74.58333333,Ludiyana,Dug Well,W13580,2014,10.27,8.13,10.23,10.93
RJ,Ajmer,Kishangarh,Arain,26.45,75.06666667,Arian,Dug Well,W13586,2014,5.82,1.69,1.33,2.87
RJ,Ajmer,Arain,Arain,26.41666667,75.13333333,Dasuk,Dug Well,W18018,2014,8.05,2.57,8.33,'0
RJ,Ajmer,Nasirabad,Srinagar,26.4,74.86666667,Kanpur1,Dug Well,W13587,2014,2.2,'0,1.86,7.6
RJ,Ajmer,Srinagar,Peesangan,26.4,74.61666667,Tabiji,Dug Well,W18027,2014,4.76,4.71,3.7,22.07
RJ,Ajmer,Silora,Kishangarh,26.65138889,74.93611111,Tiloniya,Bore Well,W18025,2014,14.37,29.4,'0,22.95
RJ,Ajmer,Bhinai,Srinagar,26.36888889,74.70583333,Gopalpura,Bore Well,W29556,2014,9.15,'0,'0,'0
RJ,Ajmer,Bhinai,Bhinay,26.15,74.7,Bandanwara,Dug Well,W13568,2014,2,'0,17.9,17.9
RJ,Ajmer,Masuda,Masuda,26.07833333,74.37611111,Andheri Devi,Bore Well,W29478,2014,4.88,'0,2.67,'0
RJ,Ajmer,Masuda,Masuda,25.995,74.44944444,Daultpura,Bore Well,W29460,2014,13.42,'0,9.8,'0
RJ,Ajmer,Sarwar,Arain,26.03333333,75.1,Ajagara,Dug Well,W13591,2014,1.97,2.55,2.69,3.82
RJ,Ajmer,Beawar,Masuda,26.1,74.41666667,Pakhriawas,Dug Well,W13583,2013,11.84,8.12,6.55,6.16
RJ,Ajmer,Masuda,Masuda,25.96666667,74.43333333,Ramgarh2,Bore Well,W20477,2013,'0,'0,'0,26.6
RJ,Ajmer,Sarwar,Arain,25.91111111,75.04166667,Sanpla,Dug Well,W13594,2013,2.83,2.96,2.91,5.85
RJ,Ajmer,Nasirabad,Srinagar,26.26666667,74.83333333,Ramsar,Dug Well,W13589,2013,3.27,3.36,3.23,6.3
RJ,Ajmer,Beawar,Jawaja,25.88333333,74.15,Taragarh,Dug Well,W13584,2013,0.85,0.01,0.95,4.52
RJ,Ajmer,Beawar,Jawaja,26.05,74.28333333,Narbadkhera,Dug Well,W13582,2013,8.21,5.9,5.12,11.32
RJ,Ajmer,Beawar,Jawaja,25.90833333,74.2,Baglias,Dug Well,W13577,2013,3.75,4.45,4.24,5.1
RJ,Ajmer,Bhinai,Arain,26.2125,75.03611111,Barora,Dug Well,W18021,2013,4.71,4.02,4.57,7.44
RJ,Ajmer,Arain,Arain,26.05,75,Sarwad,Dug Well,W18020,2013,1.83,3.07,2.68,3.52
RJ,Ajmer,Srinagar,Srinagar,26.30833333,74.91666667,Morajhar,Bore Well,W18026,2013,6.13,3.95,6.07,7.7
RJ,Ajmer,Masuda,Jawaja,26.03333333,74.35,Maidayabadaya,Dug Well,W18023,2013,1.84,1.52,1.2,3.74
RJ,Ajmer,Masuda,Masuda,26.025,74.65833333,Jhopadiyan,Dug Well,W13569,2013,13.82,4.52,13.45,18.65
RJ,Ajmer,Beawar,Masuda,26.09166667,74.5125,Masuda,Dug Well,W13581,2013,8.37,6.12,6.84,10.22
RJ,Ajmer,Arain,Bhinay,26.12916667,74.92777778,Goelo-2,Dug Well,W18019,2013,4.12,4.42,3.33,6.22
RJ,Ajmer,Sarwar,Bhinay,26.14111111,74.80222222,Kalyanpura1,Dug Well,W13570,2013,3.17,5.29,3.64,5.31
RJ,Ajmer,Nasirabad,Peesangan,26.28666667,74.74027778,Nasirabad1,Dug Well,W13588,2013,1.1,0.22,0.88,2.4
RJ,Ajmer,Ajmer,Peesangan,26.23333333,74.49166667,Lamana,Dug Well,W13575,2013,11.34,13.01,10.65,12.1
RJ,Ajmer,Kekri,Kekri,25.83333333,75.23333333,Bogla,Dug Well,W13585,2013,5.69,4.53,3.12,6.62
RJ,Ajmer,Kekri,Kekri,25.98333333,75.15,Kekri1,Dug Well,W18022,2013,0.04,0.01,0.77,1.64
RJ,Ajmer,Beawar,Jawaja,25.93333333,74.2,Jawaja,Dug Well,W13579,2013,3.7,3.27,3.7,5.68
RJ,Ajmer,Beawar,Masuda,25.99722222,74.58333333,Ludiyana,Dug Well,W13580,2013,8.47,13.89,8.45,14.33
RJ,Ajmer,Kishangarh,Arain,26.45,75.06666667,Arian,Dug Well,W13586,2013,'0,1.54,21.07,2.22
RJ,Ajmer,Arain,Arain,26.41666667,75.13333333,Dasuk,Dug Well,W18018,2013,4.74,0.01,6.02,'0
RJ,Ajmer,Nasirabad,Srinagar,26.4,74.86666667,Kanpur1,Dug Well,W13587,2013,5.6,9.6,'0,5.78
RJ,Ajmer,Srinagar,Peesangan,26.4,74.61666667,Tabiji,Dug Well,W18027,2013,3.18,4.41,2.87,5.46
RJ,Ajmer,Silora,Kishangarh,26.65138889,74.93611111,Tiloniya,Bore Well,W18025,2013,14.32,17.72,'0,22.74
RJ,Ajmer,Ajmer,Srinagar,26.50416667,74.69166667,Ghugra,Dug Well,W13572,2013,'0,7.34,'0,'0
RJ,Ajmer,Silora,Kishangarh,26.93305556,74.84583333,Manpura,Dug Well,W22525,2013,'0,10.85,'0,'0
RJ,Ajmer,Bhinai,Bhinay,26.15,74.7,Bandanwara,Dug Well,W13568,2013,'0,'0,'0,17.9
RJ,Ajmer,Sarwar,Arain,26.03333333,75.1,Ajagara,Dug Well,W13591,2013,2.37,2.03,2.67,3.47
RJ,Ajmer,Beawar,Masuda,26.1,74.41666667,Pakhriawas,Dug Well,W13583,2012,'0,3.6,7.11,8.5
RJ,Ajmer,Masuda,Masuda,25.96666667,74.43333333,Ramgarh2,Bore Well,W20477,2012,'0,23.6,'0,'0
RJ,Ajmer,Sarwar,Arain,25.91111111,75.04166667,Sanpla,Dug Well,W13594,2012,'0,2.8,5.25,'0
RJ,Ajmer,Nasirabad,Srinagar,26.26666667,74.83333333,Ramsar,Dug Well,W13589,2012,'0,8.4,3.08,7.28
RJ,Ajmer,Beawar,Jawaja,25.88333333,74.15,Taragarh,Dug Well,W13584,2012,'0,'0,0.01,4.69
RJ,Ajmer,Beawar,Jawaja,26.05,74.28333333,Narbadkhera,Dug Well,W13582,2012,'0,8.38,5.44,28.8
RJ,Ajmer,Beawar,Jawaja,25.90833333,74.2,Baglias,Dug Well,W13577,2012,'0,4.9,3.25,7.6
RJ,Ajmer,Bhinai,Arain,26.2125,75.03611111,Barora,Dug Well,W18021,2012,'0,2.94,3.67,3.61
RJ,Ajmer,Arain,Arain,26.05,75,Sarwad,Dug Well,W18020,2012,'0,'0,2.9,2
RJ,Ajmer,Srinagar,Srinagar,26.30833333,74.91666667,Morajhar,Bore Well,W18026,2012,'0,4.8,3.01,'0
RJ,Ajmer,Masuda,Jawaja,26.03333333,74.35,Maidayabadaya,Dug Well,W18023,2012,'0,2.22,1.45,2.97
RJ,Ajmer,Masuda,Masuda,26.025,74.65833333,Jhopadiyan,Dug Well,W13569,2012,'0,6.2,2.07,14.62
RJ,Ajmer,Beawar,Masuda,26.09166667,74.5125,Masuda,Dug Well,W13581,2012,'0,8.17,4.55,11.17
RJ,Ajmer,Arain,Bhinay,26.12916667,74.92777778,Goelo-2,Dug Well,W18019,2012,'0,8.37,4.02,9.02
RJ,Ajmer,Sarwar,Bhinay,26.14111111,74.80222222,Kalyanpura1,Dug Well,W13570,2012,'0,6.6,5.31,7.26
RJ,Ajmer,Nasirabad,Peesangan,26.28666667,74.74027778,Nasirabad1,Dug Well,W13588,2012,'0,1.78,0.79,3.7
RJ,Ajmer,Ajmer,Peesangan,26.3,74.53416667,Arjunpura,Dug Well,W13571,2012,'0,'0,'0,24.9
RJ,Ajmer,Ajmer,Peesangan,26.23333333,74.49166667,Lamana,Dug Well,W13575,2012,'0,14.71,13.77,15.97
RJ,Ajmer,Kekri,Kekri,25.83333333,75.23333333,Bogla,Dug Well,W13585,2012,'0,4.32,4.78,5.97
RJ,Ajmer,Kekri,Kekri,25.98333333,75.15,Kekri1,Dug Well,W18022,2012,'0,1.14,1.18,2.24
RJ,Ajmer,Beawar,Jawaja,25.93333333,74.2,Jawaja,Dug Well,W13579,2012,'0,9.5,2.46,10.88
RJ,Ajmer,Beawar,Masuda,25.99722222,74.58333333,Ludiyana,Dug Well,W13580,2012,'0,7.47,12.58,14.3
RJ,Ajmer,Kishangarh,Arain,26.45,75.06666667,Arian,Dug Well,W13586,2012,'0,2.18,1.55,2.07
RJ,Ajmer,Arain,Arain,26.41666667,75.13333333,Dasuk,Dug Well,W18018,2012,'0,7.05,0.03,6.43
RJ,Ajmer,Nasirabad,Srinagar,26.4,74.86666667,Kanpur1,Dug Well,W13587,2012,'0,6.1,9.6,8.32
RJ,Ajmer,Srinagar,Peesangan,26.4,74.61666667,Tabiji,Dug Well,W18027,2012,'0,'0,4.23,6.51
RJ,Ajmer,Silora,Kishangarh,26.65138889,74.93611111,Tiloniya,Bore Well,W18025,2012,'0,8.61,'0,19.02
RJ,Ajmer,Ajmer,Srinagar,26.50416667,74.69166667,Ghugra,Dug Well,W13572,2012,'0,8.56,'0,15.06
RJ,Ajmer,Silora,Kishangarh,26.93305556,74.84583333,Manpura,Dug Well,W22525,2012,'0,9.25,'0,10.85
RJ,Ajmer,Bhinai,Bhinay,26.15,74.7,Bandanwara,Dug Well,W13568,2012,'0,17.9,2.6,17.9
RJ,Ajmer,Sarwar,Arain,26.03333333,75.1,Ajagara,Dug Well,W13591,2012,'0,1.57,2.54,'0
RJ,Ajmer,Beawar,Jawaja,26.1,74.33333333,Beawar1,Dug Well,W13578,2011,6.14,6.62,4.72,8.27
RJ,Ajmer,Masuda,Masuda,25.96666667,74.43333333,Ramgarh2,Bore Well,W20477,2011,24.66,24.07,24.3,26.2
RJ,Ajmer,Sarwar,Arain,26.03333333,75.1,Ajagara,Dug Well,W13591,2011,'0,2.47,1.59,3.23
RJ,Ajmer,Sarwar,Arain,25.91111111,75.04166667,Sanpla,Dug Well,W13594,2011,2.74,8.97,2.97,6.62
RJ,Ajmer,Nasirabad,Srinagar,26.26666667,74.83333333,Ramsar,Dug Well,W13589,2011,10.17,6.2,9.18,13.22
RJ,Ajmer,Beawar,Jawaja,25.88333333,74.15,Taragarh,Dug Well,W13584,2011,2.2,1.45,0.7,4.07
RJ,Ajmer,Beawar,Jawaja,26.05,74.28333333,Narbadkhera,Dug Well,W13582,2011,15.7,11.21,9.63,17.85
RJ,Ajmer,Beawar,Jawaja,25.90833333,74.2,Baglias,Dug Well,W13577,2011,3.78,5.62,4.4,6.92
RJ,Ajmer,Bhinai,Arain,26.2125,75.03611111,Barora,Dug Well,W18021,2011,2.77,3.15,2.97,4.13
RJ,Ajmer,Arain,Arain,26.05,75,Sarwad,Dug Well,W18020,2011,2.8,2.8,2.21,4.36
RJ,Ajmer,Srinagar,Srinagar,26.30833333,74.91666667,Morajhar,Bore Well,W18026,2011,5.4,10.86,5.22,9.24
RJ,Ajmer,Masuda,Jawaja,26.03333333,74.35,Maidayabadaya,Dug Well,W18023,2011,2.9,2.51,3.22,3.67
RJ,Ajmer,Masuda,Masuda,26.025,74.65833333,Jhopadiyan,Dug Well,W13569,2011,12.67,8.35,8.05,19.47
RJ,Ajmer,Beawar,Masuda,26.09166667,74.5125,Masuda,Dug Well,W13581,2011,8.64,10.17,4.69,12.93
RJ,Ajmer,Arain,Bhinay,26.12916667,74.92777778,Goelo-2,Dug Well,W18019,2011,8.37,11.1,7.64,'0
RJ,Ajmer,Sarwar,Bhinay,26.14111111,74.80222222,Kalyanpura1,Dug Well,W13570,2011,5.21,5.53,4.77,6.97
RJ,Ajmer,Nasirabad,Peesangan,26.28666667,74.74027778,Nasirabad1,Dug Well,W13588,2011,0.9,4,'0,4.27
RJ,Ajmer,Ajmer,Peesangan,26.3,74.53416667,Arjunpura,Dug Well,W13571,2011,'0,24.77,'0,'0
RJ,Ajmer,Ajmer,Peesangan,26.23333333,74.49166667,Lamana,Dug Well,W13575,2011,'0,15.19,'0,15.07
RJ,Ajmer,Kekri,Kekri,25.83333333,75.23333333,Bogla,Dug Well,W13585,2011,4.49,'0,5.18,9.08
RJ,Ajmer,Kekri,Kekri,25.98333333,75.15,Kekri1,Dug Well,W18022,2011,2.18,3.44,1.41,3.08
RJ,Ajmer,Beawar,Jawaja,25.93333333,74.2,Jawaja,Dug Well,W13579,2011,8.5,7.52,6.84,12.5
RJ,Ajmer,Beawar,Masuda,25.99722222,74.58333333,Ludiyana,Dug Well,W13580,2011,11.1,14.21,8.77,'0
RJ,Ajmer,Kishangarh,Arain,26.45,75.06666667,Arian,Dug Well,W13586,2011,6.8,6.69,2.24,2.97
RJ,Ajmer,Arain,Arain,26.41666667,75.13333333,Dasuk,Dug Well,W18018,2011,8.94,10.25,8.13,11.13
RJ,Ajmer,Nasirabad,Srinagar,26.4,74.86666667,Kanpur1,Dug Well,W13587,2011,7.76,8.16,6.84,10.48
RJ,Ajmer,Srinagar,Peesangan,26.4,74.61666667,Tabiji,Dug Well,W18027,2011,6.56,7.01,6.71,7.56
RJ,Ajmer,Silora,Kishangarh,26.65138889,74.93611111,Tiloniya,Bore Well,W18025,2011,22.64,14.24,3.47,24.5
RJ,Ajmer,Ajmer,Srinagar,26.50416667,74.69166667,Ghugra,Dug Well,W13572,2011,9.66,11.76,9.26,13.26
RJ,Ajmer,Silora,Kishangarh,26.59444444,74.85972222,Kishangarh,Dug Well,W18024,2011,'0,2.85,'0,7.7
RJ,Ajmer,Silora,Kishangarh,26.93305556,74.84583333,Manpura,Dug Well,W22525,2011,'0,'0,8.65,'0
RJ,Ajmer,Bhinai,Bhinay,26.15,74.7,Bandanwara,Dug Well,W13568,2011,2.5,6.4,'0,8.69
RJ,Ajmer,Jawaja,Jawaja,25.97777778,74.24722222,Sarvena,Dug Well,W22195,2011,11.37,'0,'0,13.6
RJ,Ajmer,Beawar,Masuda,26.1,74.41666667,Pakhriawas,Dug Well,W13583,2011,10.6,8.8,4.8,14.3
RJ,Ajmer,Beawar,Jawaja,26.1,74.33333333,Beawar1,Dug Well,W13578,2010,11.64,15.87,9.64,17.32
RJ,Ajmer,Masuda,Masuda,25.96666667,74.43333333,Ramgarh2,Bore Well,W20477,2010,25.14,28.07,23.14,31.67
RJ,Ajmer,Sarwar,Arain,26.03333333,75.1,Ajagara,Dug Well,W13591,2010,5.09,5.51,3.37,8.82
RJ,Ajmer,Sarwar,Arain,25.91111111,75.04166667,Sanpla,Dug Well,W13594,2010,11.15,10.3,9.15,12.55
RJ,Ajmer,Nasirabad,Srinagar,26.26666667,74.83333333,Ramsar,Dug Well,W13589,2010,7.64,9.03,5.44,12.17
RJ,Ajmer,Beawar,Jawaja,25.88333333,74.15,Taragarh,Dug Well,W13584,2010,7.82,8.16,2.58,10.4
RJ,Ajmer,Beawar,Jawaja,26.05,74.28333333,Narbadkhera,Dug Well,W13582,2010,12.81,20.18,10.1,'0
RJ,Ajmer,Beawar,Jawaja,25.90833333,74.2,Baglias,Dug Well,W13577,2010,6.42,9.04,3.9,'0
RJ,Ajmer,Bhinai,Arain,26.2125,75.03611111,Barora,Dug Well,W18021,2010,4.59,8.11,4.66,9.96
RJ,Ajmer,Arain,Arain,26.05,75,Sarwad,Dug Well,W18020,2010,19.33,7.72,3.2,7.48
RJ,Ajmer,Srinagar,Srinagar,26.30833333,74.91666667,Morajhar,Bore Well,W18026,2010,12.37,12.45,11.3,13.22
RJ,Ajmer,Masuda,Jawaja,26.03333333,74.35,Maidayabadaya,Dug Well,W18023,2010,3.63,4.96,2.77,9.79
RJ,Ajmer,Masuda,Masuda,26.025,74.65833333,Jhopadiyan,Dug Well,W13569,2010,10.02,15.78,8.02,17.29
RJ,Ajmer,Beawar,Masuda,26.09166667,74.5125,Masuda,Dug Well,W13581,2010,10.49,14.89,9.07,21.07
RJ,Ajmer,Arain,Bhinay,26.12916667,74.92777778,Goelo-2,Dug Well,W18019,2010,'0,9.89,'0,'0
RJ,Ajmer,Sarwar,Bhinay,26.14111111,74.80222222,Kalyanpura1,Dug Well,W13570,2010,11.06,8.97,8.06,11.97
RJ,Ajmer,Nasirabad,Peesangan,26.28666667,74.74027778,Nasirabad1,Dug Well,W13588,2010,5.34,3.49,'0,17
RJ,Ajmer,Ajmer,Peesangan,26.3,74.53416667,Arjunpura,Dug Well,W13571,2010,30.64,27.75,22.9,30.6
RJ,Ajmer,Ajmer,Peesangan,26.23333333,74.49166667,Lamana,Dug Well,W13575,2010,'0,13.8,'0,'0
RJ,Ajmer,Kekri,Kekri,25.98333333,75.15,Kekri1,Dug Well,W18022,2010,5.29,7.18,2.44,9.26
RJ,Ajmer,Beawar,Jawaja,25.93333333,74.2,Jawaja,Dug Well,W13579,2010,9.42,13.01,10.45,12.6
RJ,Ajmer,Beawar,Masuda,25.99722222,74.58333333,Ludiyana,Dug Well,W13580,2010,15.91,14.54,13.01,'0
RJ,Ajmer,Kishangarh,Arain,26.45,75.06666667,Arian,Dug Well,W13586,2010,7.07,45.77,5.07,7.19
RJ,Ajmer,Arain,Arain,26.41666667,75.13333333,Dasuk,Dug Well,W18018,2010,12.38,13.18,9.25,14.62
RJ,Ajmer,Nasirabad,Srinagar,26.4,74.86666667,Kanpur1,Dug Well,W13587,2010,10.16,10.34,8.1,11.32
RJ,Ajmer,Srinagar,Peesangan,26.4,74.61666667,Tabiji,Dug Well,W18027,2010,14.89,12.29,7.08,14.71
RJ,Ajmer,Silora,Kishangarh,26.65138889,74.93611111,Tiloniya,Bore Well,W18025,2010,17.47,20.17,7.6,23.76
RJ,Ajmer,Ajmer,Srinagar,26.50416667,74.69166667,Ghugra,Dug Well,W13572,2010,15.28,13.11,14.36,16.26
RJ,Ajmer,Silora,Kishangarh,26.59444444,74.85972222,Kishangarh,Dug Well,W18024,2010,5.04,8.4,3.4,13.2
RJ,Ajmer,Bhinai,Bhinay,26.15,74.7,Bandanwara,Dug Well,W13568,2010,13.97,13.15,11.3,14.8
RJ,Ajmer,Beawar,Masuda,26.1,74.41666667,Pakhriawas,Dug Well,W13583,2010,17.61,17.86,12.9,'0
RJ,Ajmer,Beawar,Jawaja,26.1,74.33333333,Beawar1,Dug Well,W13578,2009,13.59,7.96,15.76,13.37
RJ,Ajmer,Masuda,Masuda,25.96666667,74.43333333,Ramgarh2,Bore Well,W20477,2009,26.8,29.04,26.5,29.6
RJ,Ajmer,Sarwar,Arain,26.03333333,75.1,Ajagara,Dug Well,W13591,2009,6.03,1.77,6.12,5.34
RJ,Ajmer,Sarwar,Arain,25.91111111,75.04166667,Sanpla,Dug Well,W13594,2009,8.71,'0,9.23,13.15
RJ,Ajmer,Nasirabad,Srinagar,26.26666667,74.83333333,Ramsar,Dug Well,W13589,2009,6.62,7.9,7.56,9.08
RJ,Ajmer,Beawar,Jawaja,25.88333333,74.15,Taragarh,Dug Well,W13584,2009,6.34,10.07,6.73,11.35
RJ,Ajmer,Beawar,Jawaja,26.05,74.28333333,Narbadkhera,Dug Well,W13582,2009,18.3,18.76,18.32,'0
RJ,Ajmer,Beawar,Jawaja,25.90833333,74.2,Baglias,Dug Well,W13577,2009,10.2,15.39,9.84,'0
RJ,Ajmer,Bhinai,Arain,26.2125,75.03611111,Barora,Dug Well,W18021,2009,5.84,5.44,6.78,5.42
RJ,Ajmer,Arain,Arain,26.05,75,Sarwad,Dug Well,W18020,2009,2.87,3.62,4.18,6.25
RJ,Ajmer,Srinagar,Srinagar,26.30833333,74.91666667,Morajhar,Bore Well,W18026,2009,9.57,8.62,10.17,'0
RJ,Ajmer,Masuda,Jawaja,26.03333333,74.35,Maidayabadaya,Dug Well,W18023,2009,9.03,7.37,4.69,9.09
RJ,Ajmer,Masuda,Masuda,26.025,74.65833333,Jhopadiyan,Dug Well,W13569,2009,9.64,8.13,13.69,19.22
RJ,Ajmer,Beawar,Masuda,26.09166667,74.5125,Masuda,Dug Well,W13581,2009,15.45,14.05,14.39,14.77
RJ,Ajmer,Arain,Bhinay,26.12916667,74.92777778,Goelo-2,Dug Well,W18019,2009,7.23,'0,8.68,'0
RJ,Ajmer,Sarwar,Bhinay,26.14111111,74.80222222,Kalyanpura1,Dug Well,W13570,2009,9.54,10.54,9.42,10.16
RJ,Ajmer,Nasirabad,Peesangan,26.28666667,74.74027778,Nasirabad1,Dug Well,W13588,2009,2.37,1.26,2.2,'0
RJ,Ajmer,Ajmer,Peesangan,26.3,74.53416667,Arjunpura,Dug Well,W13571,2009,30.31,29.22,30.46,28.9
RJ,Ajmer,Ajmer,Peesangan,26.23333333,74.49166667,Lamana,Dug Well,W13575,2009,12.49,10.76,13.64,11.21
RJ,Ajmer,Kekri,Kekri,25.98333333,75.15,Kekri1,Dug Well,W18022,2009,2.02,3.99,3.62,4.99
RJ,Ajmer,Beawar,Jawaja,25.93333333,74.2,Jawaja,Dug Well,W13579,2009,11.58,16.28,13.17,13.9
RJ,Ajmer,Beawar,Masuda,25.99722222,74.58333333,Ludiyana,Dug Well,W13580,2009,13.43,'0,13.95,'0
RJ,Ajmer,Kishangarh,Arain,26.45,75.06666667,Arian,Dug Well,W13586,2009,4.46,4.67,5.19,4.72
RJ,Ajmer,Arain,Arain,26.41666667,75.13333333,Dasuk,Dug Well,W18018,2009,11.42,10.82,12.16,11.63
RJ,Ajmer,Nasirabad,Srinagar,26.4,74.86666667,Kanpur1,Dug Well,W13587,2009,8.58,6.4,8.97,7.2
RJ,Ajmer,Srinagar,Peesangan,26.4,74.61666667,Tabiji,Dug Well,W18027,2009,8.73,8.52,9.34,'0
RJ,Ajmer,Silora,Kishangarh,26.65138889,74.93611111,Tiloniya,Bore Well,W18025,2009,23.82,22.96,27.55,23.2
RJ,Ajmer,Ajmer,Srinagar,26.50416667,74.69166667,Ghugra,Dug Well,W13572,2009,12.06,10.29,13.45,11.51
RJ,Ajmer,Silora,Kishangarh,26.59444444,74.85972222,Kishangarh,Dug Well,W18024,2009,7.7,5.24,7.83,5.7
RJ,Ajmer,Bhinai,Bhinay,26.15,74.7,Bandanwara,Dug Well,W13568,2009,9.74,7.33,11.48,9.07
RJ,Ajmer,Beawar,Masuda,26.1,74.41666667,Pakhriawas,Dug Well,W13583,2009,20.01,12.07,19.23,'0
RJ,Ajmer,Beawar,Jawaja,26.1,74.33333333,Beawar1,Dug Well,W13578,2008,10.49,8.7,7.67,10.85
RJ,Ajmer,Beawar,Masuda,26.1,74.41666667,Pakhriawas,Dug Well,W13583,2008,17.01,16.65,19.95,11.9
RJ,Ajmer,Sarwar,Arain,26.03333333,75.1,Ajagara,Dug Well,W13591,2008,6.25,6.12,6.67,'0
RJ,Ajmer,Sarwar,Arain,25.91111111,75.04166667,Sanpla,Dug Well,W13594,2008,8.47,8.25,8.78,7.32
RJ,Ajmer,Nasirabad,Srinagar,26.26666667,74.83333333,Ramsar,Dug Well,W13589,2008,7.92,7.65,7.61,8.72
RJ,Ajmer,Beawar,Jawaja,25.88333333,74.15,Taragarh,Dug Well,W13584,2008,7.51,7.32,9.62,9.02
RJ,Ajmer,Beawar,Jawaja,26.05,74.28333333,Narbadkhera,Dug Well,W13582,2008,18.12,18.05,19.16,11.25
RJ,Ajmer,Beawar,Jawaja,25.90833333,74.2,Baglias,Dug Well,W13577,2008,11.52,11.82,15.6,14.86
RJ,Ajmer,Bhinai,Arain,26.2125,75.03611111,Barora,Dug Well,W18021,2008,9.76,9.2,5.39,8.14
RJ,Ajmer,Arain,Arain,26.05,75,Sarwad,Dug Well,W18020,2008,3.51,5.3,2.23,4.97
RJ,Ajmer,Srinagar,Srinagar,26.30833333,74.91666667,Morajhar,Bore Well,W18026,2008,10.01,9.64,8.41,9.96
RJ,Ajmer,Masuda,Jawaja,26.03333333,74.35,Maidayabadaya,Dug Well,W18023,2008,9.85,14.67,9.96,11.63
RJ,Ajmer,Masuda,Masuda,26.025,74.65833333,Jhopadiyan,Dug Well,W13569,2008,7.82,7.2,7.31,8.22
RJ,Ajmer,Beawar,Masuda,26.09166667,74.5125,Masuda,Dug Well,W13581,2008,12.61,13.57,14.01,13.96
RJ,Ajmer,Arain,Bhinay,26.12916667,74.92777778,Goelo-2,Dug Well,W18019,2008,9.02,8.57,8.53,17.52
RJ,Ajmer,Sarwar,Bhinay,26.14111111,74.80222222,Kalyanpura1,Dug Well,W13570,2008,18.38,18.15,11.08,11.78
RJ,Ajmer,Nasirabad,Peesangan,26.28666667,74.74027778,Nasirabad1,Dug Well,W13588,2008,6.63,5.98,1.95,4.66
RJ,Ajmer,Ajmer,Peesangan,26.34583333,74.42083333,Kalesra,Dug Well,W13573,2008,'0,2.77,'0,'0
RJ,Ajmer,Ajmer,Peesangan,26.3,74.53416667,Arjunpura,Dug Well,W13571,2008,28.7,30.63,21.48,28.1
RJ,Ajmer,Ajmer,Peesangan,26.23333333,74.49166667,Lamana,Dug Well,W13575,2008,9.8,10.64,10.69,11.29
RJ,Ajmer,Kekri,Kekri,25.83333333,75.23333333,Bogla,Dug Well,W13585,2008,10.33,9.81,'0,9
RJ,Ajmer,Kekri,Kekri,25.98333333,75.15,Kekri1,Dug Well,W18022,2008,1.92,3.68,3.7,4.19
RJ,Ajmer,Beawar,Jawaja,25.93333333,74.2,Jawaja,Dug Well,W13579,2008,12.87,12.44,13.5,15.99
RJ,Ajmer,Beawar,Masuda,25.99722222,74.58333333,Ludiyana,Dug Well,W13580,2008,13.34,8.13,13.01,9.48
RJ,Ajmer,Kishangarh,Arain,26.45,75.06666667,Arian,Dug Well,W13586,2008,9.89,8.9,4.2,9.17
RJ,Ajmer,Arain,Arain,26.41666667,75.13333333,Dasuk,Dug Well,W18018,2008,13.32,12.48,11.22,13.01
RJ,Ajmer,Nasirabad,Srinagar,26.4,74.86666667,Kanpur1,Dug Well,W13587,2008,8.72,8.54,6.29,9.13
RJ,Ajmer,Srinagar,Peesangan,26.4,74.61666667,Tabiji,Dug Well,W18027,2008,10.11,13.33,8.96,15.11
RJ,Ajmer,Silora,Kishangarh,26.65138889,74.93611111,Tiloniya,Bore Well,W18025,2008,26.12,26.57,25.58,26.81
RJ,Ajmer,Ajmer,Srinagar,26.50416667,74.69166667,Ghugra,Dug Well,W13572,2008,12.18,15.81,9.81,16.94
RJ,Ajmer,Silora,Kishangarh,26.59444444,74.85972222,Kishangarh,Dug Well,W18024,2008,2.55,5.2,4.65,6.59
RJ,Ajmer,Bhinai,Bhinay,26.15,74.7,Bandanwara,Dug Well,W13568,2008,'0,'0,7.29,'0
RJ,Ajmer,Masuda,Masuda,25.96666667,74.43333333,Ramgarh2,Bore Well,W20477,2008,24.15,24.43,28.64,25.9
RJ,Ajmer,Bhinai,Bhinay,26.15,74.7,Bandanwara,Dug Well,W13568,2007,8.8,6.69,9,9.87
RJ,Ajmer,Bhinai,Arain,26.2125,75.03611111,Barora,Dug Well,W18021,2007,7.99,7.77,8.26,11.43
RJ,Ajmer,Kekri,Kekri,25.83333333,75.23333333,Bogla,Dug Well,W13585,2007,9.02,8.33,8.97,9.47
RJ,Ajmer,Kekri,Kekri,25.98333333,75.15,Kekri1,Dug Well,W18022,2007,1.54,3.77,1.84,4.94
RJ,Ajmer,Beawar,Jawaja,25.93333333,74.2,Jawaja,Dug Well,W13579,2007,8.1,9.7,14.07,11.11
RJ,Ajmer,Beawar,Masuda,25.99722222,74.58333333,Ludiyana,Dug Well,W13580,2007,9.53,11.34,9.57,14.63
RJ,Ajmer,Kishangarh,Arain,26.45,75.06666667,Arian,Dug Well,W13586,2007,12.77,8.51,9.02,12.91
RJ,Ajmer,Arain,Arain,26.41666667,75.13333333,Dasuk,Dug Well,W18018,2007,12.25,11.98,10.4,6.68
RJ,Ajmer,Nasirabad,Srinagar,26.4,74.86666667,Kanpur1,Dug Well,W13587,2007,8.1,8.23,10.34,9.6
RJ,Ajmer,Srinagar,Peesangan,26.4,74.61666667,Tabiji,Dug Well,W18027,2007,12.31,13.39,9.58,17.72
RJ,Ajmer,Silora,Kishangarh,26.65138889,74.93611111,Tiloniya,Bore Well,W18025,2007,6.3,28.24,16.1,30.19
RJ,Ajmer,Ajmer,Srinagar,26.50416667,74.69166667,Ghugra,Dug Well,W13572,2007,21.36,16.26,20.6,19.26
RJ,Ajmer,Silora,Kishangarh,26.59444444,74.85972222,Kishangarh,Dug Well,W18024,2007,11.1,7.17,3.55,11.56
RJ,Ajmer,Arain,Arain,26.05,75,Sarwad,Dug Well,W18020,2007,4.1,3.52,5.09,5.71
RJ,Ajmer,Srinagar,Srinagar,26.30833333,74.91666667,Morajhar,Bore Well,W18026,2007,6,6.76,'0,'0
RJ,Ajmer,Masuda,Jawaja,26.03333333,74.35,Maidayabadaya,Dug Well,W18023,2007,3.57,8.34,7.37,5.98
RJ,Ajmer,Masuda,Masuda,26.025,74.65833333,Jhopadiyan,Dug Well,W13569,2007,12.4,4.84,4.17,8.65
RJ,Ajmer,Beawar,Masuda,26.09166667,74.5125,Masuda,Dug Well,W13581,2007,12.87,6.39,13.53,14.27
RJ,Ajmer,Arain,Bhinay,26.12916667,74.92777778,Goelo-2,Dug Well,W18019,2007,9.32,8.37,9.09,10.55
RJ,Ajmer,Sarwar,Bhinay,26.14111111,74.80222222,Kalyanpura1,Dug Well,W13570,2007,10.73,10.61,11.36,12.67
RJ,Ajmer,Nasirabad,Peesangan,26.28666667,74.74027778,Nasirabad1,Dug Well,W13588,2007,4.85,2.84,3.17,5.13
RJ,Ajmer,Ajmer,Peesangan,26.3,74.53416667,Arjunpura,Dug Well,W13571,2007,25.8,32.55,29.58,30.85
RJ,Ajmer,Ajmer,Peesangan,26.23333333,74.49166667,Lamana,Dug Well,W13575,2007,11.39,12.41,11.71,13.52
RJ,Ajmer,Beawar,Jawaja,26.1,74.33333333,Beawar1,Dug Well,W13578,2007,8.32,6.46,7.72,9.94
RJ,Ajmer,Beawar,Masuda,26.1,74.41666667,Pakhriawas,Dug Well,W13583,2007,15.45,13.36,12.66,5.9
RJ,Ajmer,Sarwar,Arain,26.03333333,75.1,Ajagara,Dug Well,W13591,2007,5.57,6.78,4.52,7.61
RJ,Ajmer,Sarwar,Arain,25.91111111,75.04166667,Sanpla,Dug Well,W13594,2007,8.5,8.14,7.58,7.39
RJ,Ajmer,Nasirabad,Srinagar,26.26666667,74.83333333,Ramsar,Dug Well,W13589,2007,6.1,7.33,6.85,8.82
RJ,Ajmer,Beawar,Jawaja,25.88333333,74.15,Taragarh,Dug Well,W13584,2007,5.7,2.55,6.74,1.57
RJ,Ajmer,Beawar,Jawaja,26.05,74.28333333,Narbadkhera,Dug Well,W13582,2007,14.2,14.86,16.33,8.09
RJ,Ajmer,Beawar,Jawaja,25.90833333,74.2,Baglias,Dug Well,W13577,2007,9.4,9.74,9.42,11.25
RJ,Ajmer,Masuda,Masuda,25.96666667,74.43333333,Ramgarh2,Bore Well,W20477,2007,16.8,20.72,23,25.37
RJ,Ajmer,Masuda,Masuda,25.96666667,74.43333333,Ramgarh2,Bore Well,W20477,2006,16.4,14.1,13.2,17.25
RJ,Ajmer,Kekri,Kekri,25.98333333,75.15,Kekri1,Dug Well,W18022,2006,1.23,4.31,2.62,3.82
RJ,Ajmer,Beawar,Jawaja,25.93333333,74.2,Jawaja,Dug Well,W13579,2006,4.4,9.88,7.1,16.33
RJ,Ajmer,Beawar,Masuda,25.99722222,74.58333333,Ludiyana,Dug Well,W13580,2006,11.81,12.67,9.86,14.38
RJ,Ajmer,Kishangarh,Arain,26.45,75.06666667,Arian,Dug Well,W13586,2006,15.31,7.97,8.21,7.75
RJ,Ajmer,Arain,Arain,26.41666667,75.13333333,Dasuk,Dug Well,W18018,2006,7.9,10.19,6.61,11.5
RJ,Ajmer,Nasirabad,Srinagar,26.4,74.86666667,Kanpur1,Dug Well,W13587,2006,6.89,7.74,8.05,15.38
RJ,Ajmer,Srinagar,Peesangan,26.4,74.61666667,Tabiji,Dug Well,W18027,2006,15.71,11.86,11.63,16.94
RJ,Ajmer,Silora,Kishangarh,26.65138889,74.93611111,Tiloniya,Bore Well,W18025,2006,14.06,15.66,22.53,18.36
RJ,Ajmer,Ajmer,Srinagar,26.50416667,74.69166667,Ghugra,Dug Well,W13572,2006,15.58,14.24,20.91,21.56
RJ,Ajmer,Silora,Kishangarh,26.59444444,74.85972222,Kishangarh,Dug Well,W18024,2006,4.19,6,6.45,10.1
RJ,Ajmer,Bhinai,Bhinay,26.15,74.7,Bandanwara,Dug Well,W13568,2006,9.53,13.6,6.13,15.05
RJ,Ajmer,Arain,Arain,26.05,75,Sarwad,Dug Well,W18020,2006,1.85,3.85,4.41,3.13
RJ,Ajmer,Srinagar,Srinagar,26.30833333,74.91666667,Morajhar,Bore Well,W18026,2006,'0,'0,5.44,'0
RJ,Ajmer,Masuda,Jawaja,26.03333333,74.35,Maidayabadaya,Dug Well,W18023,2006,3.9,2.17,2.72,4.45
RJ,Ajmer,Masuda,Masuda,26.025,74.65833333,Jhopadiyan,Dug Well,W13569,2006,3.25,7.61,3.59,11.93
RJ,Ajmer,Beawar,Masuda,26.09166667,74.5125,Masuda,Dug Well,W13581,2006,'0,6.51,3.72,12.95
RJ,Ajmer,Arain,Bhinay,26.12916667,74.92777778,Goelo-2,Dug Well,W18019,2006,8.67,9.12,8.57,9.93
RJ,Ajmer,Sarwar,Bhinay,26.14111111,74.80222222,Kalyanpura1,Dug Well,W13570,2006,6.01,11.71,9.21,12.06
RJ,Ajmer,Nasirabad,Peesangan,26.28666667,74.74027778,Nasirabad1,Dug Well,W13588,2006,2.92,3.85,3.4,5.55
RJ,Ajmer,Ajmer,Peesangan,26.3,74.53416667,Arjunpura,Dug Well,W13571,2006,28.9,33.3,28.89,30.8
RJ,Ajmer,Ajmer,Peesangan,26.23333333,74.49166667,Lamana,Dug Well,W13575,2006,'0,13.89,'0,'0
RJ,Ajmer,Kekri,Kekri,25.83333333,75.23333333,Bogla,Dug Well,W13585,2006,3.82,7.76,7.64,8.86
RJ,Ajmer,Beawar,Jawaja,26.1,74.33333333,Beawar1,Dug Well,W13578,2006,3.92,6.33,5.64,10.32
RJ,Ajmer,Beawar,Masuda,26.1,74.41666667,Pakhriawas,Dug Well,W13583,2006,6.4,13,10.9,12.08
RJ,Ajmer,Sarwar,Arain,26.03333333,75.1,Ajagara,Dug Well,W13591,2006,6.97,6.13,6.63,8.23
RJ,Ajmer,Sarwar,Arain,25.91111111,75.04166667,Sanpla,Dug Well,W13594,2006,6.94,7.3,7.37,8.78
RJ,Ajmer,Nasirabad,Srinagar,26.26666667,74.83333333,Ramsar,Dug Well,W13589,2006,7.74,8.52,6.76,10.4
RJ,Ajmer,Beawar,Jawaja,25.88333333,74.15,Taragarh,Dug Well,W13584,2006,0.54,2.6,1.45,9.88
RJ,Ajmer,Beawar,Jawaja,26.05,74.28333333,Narbadkhera,Dug Well,W13582,2006,6,15.3,10.23,18.98
RJ,Ajmer,Beawar,Jawaja,25.90833333,74.2,Baglias,Dug Well,W13577,2006,2.4,9.2,7.55,10.6
RJ,Ajmer,Bhinai,Arain,26.2125,75.03611111,Barora,Dug Well,W18021,2006,15.24,9.04,7.71,7.32
RJ,Ajmer,Masuda,Masuda,25.96666667,74.43333333,Ramgarh2,Bore Well,W20477,2005,30.4,'0,13.6,'0
RJ,Ajmer,Arain,Arain,26.05,75,Sarwad,Dug Well,W18020,2005,5.6,3.75,4.18,5.16
RJ,Ajmer,Beawar,Jawaja,25.93333333,74.2,Jawaja,Dug Well,W13579,2005,6.35,8.93,6.91,10
RJ,Ajmer,Beawar,Masuda,25.99722222,74.58333333,Ludiyana,Dug Well,W13580,2005,11.65,12.6,12.28,13.28
RJ,Ajmer,Kishangarh,Arain,26.45,75.06666667,Arian,Dug Well,W13586,2005,7.12,11.07,8.46,8.57
RJ,Ajmer,Arain,Arain,26.41666667,75.13333333,Dasuk,Dug Well,W18018,2005,11.1,2.05,11.78,12.37
RJ,Ajmer,Nasirabad,Srinagar,26.4,74.86666667,Kanpur1,Dug Well,W13587,2005,'0,20.25,7.49,'0
RJ,Ajmer,Srinagar,Peesangan,26.4,74.61666667,Tabiji,Dug Well,W18027,2005,12.51,13.09,11.28,16.43
RJ,Ajmer,Silora,Kishangarh,26.65138889,74.93611111,Tiloniya,Bore Well,W18025,2005,15.9,23.06,15.58,'0
RJ,Ajmer,Ajmer,Srinagar,26.50416667,74.69166667,Ghugra,Dug Well,W13572,2005,17.56,17.59,13.33,'0
RJ,Ajmer,Silora,Kishangarh,26.59444444,74.85972222,Kishangarh,Dug Well,W18024,2005,6,11.86,4.64,13.68
RJ,Ajmer,Bhinai,Bhinay,26.15,74.7,Bandanwara,Dug Well,W13568,2005,15.4,14.28,13.46,14.9
RJ,Ajmer,Srinagar,Srinagar,26.30833333,74.91666667,Morajhar,Bore Well,W18026,2005,10.36,9.9,'0,'0
RJ,Ajmer,Masuda,Jawaja,26.03333333,74.35,Maidayabadaya,Dug Well,W18023,2005,13.37,4.57,1.75,5.01
RJ,Ajmer,Masuda,Masuda,26.025,74.65833333,Jhopadiyan,Dug Well,W13569,2005,10.45,10.35,6.64,12.98
RJ,Ajmer,Beawar,Masuda,26.09166667,74.5125,Masuda,Dug Well,W13581,2005,12.84,11.15,3.06,13.37
RJ,Ajmer,Arain,Bhinay,26.12916667,74.92777778,Goelo-2,Dug Well,W18019,2005,8.87,8.22,7.81,9.07
RJ,Ajmer,Sarwar,Bhinay,26.14111111,74.80222222,Kalyanpura1,Dug Well,W13570,2005,13.21,11.35,11.61,12.16
RJ,Ajmer,Nasirabad,Peesangan,26.28666667,74.74027778,Nasirabad1,Dug Well,W13588,2005,5.52,4.04,5.25,5.86
RJ,Ajmer,Ajmer,Peesangan,26.34583333,74.42083333,Kalesra,Dug Well,W13573,2005,'0,13.58,'0,'0
RJ,Ajmer,Ajmer,Peesangan,26.3,74.53416667,Arjunpura,Dug Well,W13571,2005,23.4,31.24,33.9,29.46
RJ,Ajmer,Ajmer,Peesangan,26.23333333,74.49166667,Lamana,Dug Well,W13575,2005,'0,14.95,13.61,'0
RJ,Ajmer,Kekri,Kekri,25.83333333,75.23333333,Bogla,Dug Well,W13585,2005,6.52,3.52,7.19,7.45
RJ,Ajmer,Beawar,Jawaja,26.1,74.33333333,Beawar1,Dug Well,W13578,2005,12.82,10.15,6.79,14.12
RJ,Ajmer,Beawar,Masuda,26.1,74.41666667,Pakhriawas,Dug Well,W13583,2005,7.92,16.08,4,5.3
RJ,Ajmer,Sarwar,Arain,26.03333333,75.1,Ajagara,Dug Well,W13591,2005,4.59,3.49,5.05,7.91
RJ,Ajmer,Sarwar,Arain,25.91111111,75.04166667,Sanpla,Dug Well,W13594,2005,6.45,4.94,6.03,5.88
RJ,Ajmer,Nasirabad,Srinagar,26.26666667,74.83333333,Ramsar,Dug Well,W13589,2005,9.7,9.04,7.8,9.77
RJ,Ajmer,Sarwar,Kekri,26.08888889,75.19444444,Joonia,Dug Well,W13593,2005,'0,'0,8.35,'0
RJ,Ajmer,Beawar,Jawaja,25.88333333,74.15,Taragarh,Dug Well,W13584,2005,3.3,4.77,1.65,8.07
RJ,Ajmer,Beawar,Jawaja,26.05,74.28333333,Narbadkhera,Dug Well,W13582,2005,29.12,25.8,11.75,18.8
RJ,Ajmer,Beawar,Jawaja,25.90833333,74.2,Baglias,Dug Well,W13577,2005,7.6,8.71,6.01,11.54
RJ,Ajmer,Bhinai,Arain,26.2125,75.03611111,Barora,Dug Well,W18021,2005,6.51,6.16,6.54,7.97
RJ,Ajmer,Kekri,Kekri,25.98333333,75.15,Kekri1,Dug Well,W18022,2005,1.79,3.28,2.7,3.34
RJ,Ajmer,Beawar,Jawaja,25.93333333,74.2,Jawaja,Dug Well,W13579,2003,'0,13.62,'0,15.97
RJ,Ajmer,Beawar,Jawaja,25.90833333,74.2,Baglias,Dug Well,W13577,2003,'0,10.62,'0,12.97
RJ,Ajmer,Kishangarh,Arain,26.45,75.06666667,Arian,Dug Well,W13586,2003,'0,7.05,'0,8.92
RJ,Ajmer,Ajmer,Peesangan,26.525,74.53055556,Tilora,Dug Well,W13576,2003,'0,20.38,'0,'0
RJ,Ajmer,Ajmer,Srinagar,26.50416667,74.69166667,Ghugra,Dug Well,W13572,2003,'0,26.14,'0,21.63
RJ,Ajmer,Bhinai,Bhinay,26.15,74.7,Bandanwara,Dug Well,W13568,2003,'0,15.58,'0,16.08
RJ,Ajmer,Masuda,Masuda,26.025,74.65833333,Jhopadiyan,Dug Well,W13569,2003,'0,16.97,'0,19.2
RJ,Ajmer,Beawar,Masuda,26.09166667,74.5125,Masuda,Dug Well,W13581,2003,'0,21.59,'0,20.57
RJ,Ajmer,Sarwar,Bhinay,26.14111111,74.80222222,Kalyanpura1,Dug Well,W13570,2003,'0,11.08,'0,11.84
RJ,Ajmer,Nasirabad,Peesangan,26.28666667,74.74027778,Nasirabad1,Dug Well,W13588,2003,'0,4.15,'0,7.09
RJ,Ajmer,Ajmer,Peesangan,26.34583333,74.42083333,Kalesra,Dug Well,W13573,2003,'0,4.13,'0,'0
RJ,Ajmer,Ajmer,Peesangan,26.3,74.53416667,Arjunpura,Dug Well,W13571,2003,'0,28.98,'0,28.49
RJ,Ajmer,Ajmer,Peesangan,26.23333333,74.49166667,Lamana,Dug Well,W13575,2003,'0,13.36,'0,14.45
RJ,Ajmer,Kekri,Kekri,25.83333333,75.23333333,Bogla,Dug Well,W13585,2003,'0,8.53,'0,9.2
RJ,Ajmer,Beawar,Jawaja,26.1,74.33333333,Beawar1,Dug Well,W13578,2003,'0,10.7,'0,15.47
RJ,Ajmer,Beawar,Masuda,26.1,74.41666667,Pakhriawas,Dug Well,W13583,2003,'0,11.07,'0,'0
RJ,Ajmer,Sarwar,Arain,26.03333333,75.1,Ajagara,Dug Well,W13591,2003,'0,5.92,'0,7.59
RJ,Ajmer,Sarwar,Arain,25.91111111,75.04166667,Sanpla,Dug Well,W13594,2003,'0,9.62,'0,11.78
RJ,Ajmer,Nasirabad,Srinagar,26.26666667,74.83333333,Ramsar,Dug Well,W13589,2003,'0,13.01,'0,13
RJ,Ajmer,Beawar,Jawaja,25.88333333,74.15,Taragarh,Dug Well,W13584,2003,'0,10.02,'0,10.11
RJ,Ajmer,Beawar,Jawaja,26.05,74.28333333,Narbadkhera,Dug Well,W13582,2003,'0,19.27,'0,18.69
RJ,Ajmer,Beawar,Masuda,25.99722222,74.58333333,Ludiyana,Dug Well,W13580,2003,'0,12.75,'0,13.65
RJ,Ajmer,Beawar,Jawaja,25.93333333,74.2,Jawaja,Dug Well,W13579,2002,7.33,3.8,9.26,7.08
RJ,Ajmer,Beawar,Jawaja,25.90833333,74.2,Baglias,Dug Well,W13577,2002,6.76,2.8,9.17,8
RJ,Ajmer,Kishangarh,Arain,26.45,75.06666667,Arian,Dug Well,W13586,2002,5.28,4.75,5.86,5.23
RJ,Ajmer,Nasirabad,Srinagar,26.51666667,74.78333333,Srinagar,Dug Well,W13590,2002,'0,20.1,'0,'0
RJ,Ajmer,Nasirabad,Srinagar,26.4,74.86666667,Kanpur1,Dug Well,W13587,2002,'0,8.04,'0,10.1
RJ,Ajmer,Ajmer,Peesangan,26.525,74.53055556,Tilora,Dug Well,W13576,2002,20.45,16.8,'0,'0
RJ,Ajmer,Ajmer,Srinagar,26.50416667,74.69166667,Ghugra,Dug Well,W13572,2002,22.8,24.36,23.23,24.66
RJ,Ajmer,Bhinai,Bhinay,26.15,74.7,Bandanwara,Dug Well,W13568,2002,16.13,14.76,15.34,15.5
RJ,Ajmer,Masuda,Masuda,26.025,74.65833333,Jhopadiyan,Dug Well,W13569,2002,17.26,18.73,14.3,17.35
RJ,Ajmer,Beawar,Masuda,26.09166667,74.5125,Masuda,Dug Well,W13581,2002,13.14,9.94,15.97,15.49
RJ,Ajmer,Sarwar,Bhinay,26.14111111,74.80222222,Kalyanpura1,Dug Well,W13570,2002,10.59,8.9,10.97,10.11
RJ,Ajmer,Nasirabad,Peesangan,26.28666667,74.74027778,Nasirabad1,Dug Well,W13588,2002,'0,3.07,4.73,'0
RJ,Ajmer,Ajmer,Peesangan,26.34583333,74.42083333,Kalesra,Dug Well,W13573,2002,5.37,1.77,11.7,'0
RJ,Ajmer,Ajmer,Peesangan,26.3,74.53416667,Arjunpura,Dug Well,W13571,2002,'0,17.68,30.7,27.2
RJ,Ajmer,Ajmer,Peesangan,26.23333333,74.49166667,Lamana,Dug Well,W13575,2002,11.89,9.95,12.06,11.04
RJ,Ajmer,Kekri,Kekri,25.83333333,75.23333333,Bogla,Dug Well,W13585,2002,7.11,6.1,7.82,7
RJ,Ajmer,Beawar,Jawaja,26.1,74.33333333,Beawar1,Dug Well,W13578,2002,11.13,7.29,11.41,9.52
RJ,Ajmer,Beawar,Masuda,26.1,74.41666667,Pakhriawas,Dug Well,W13583,2002,11.51,10.75,9.97,16.9
RJ,Ajmer,Sarwar,Arain,26.03333333,75.1,Ajagara,Dug Well,W13591,2002,5.57,3.67,6.21,5.77
RJ,Ajmer,Sarwar,Arain,25.91111111,75.04166667,Sanpla,Dug Well,W13594,2002,8.34,6.14,8.45,6.32
RJ,Ajmer,Nasirabad,Srinagar,26.26666667,74.83333333,Ramsar,Dug Well,W13589,2002,'0,10.71,17.25,'0
RJ,Ajmer,Sarwar,Kekri,26.08888889,75.19444444,Joonia,Dug Well,W13593,2002,9.39,7.23,'0,'0
RJ,Ajmer,Beawar,Jawaja,25.88333333,74.15,Taragarh,Dug Well,W13584,2002,6.68,2.68,7.95,6.53
RJ,Ajmer,Beawar,Jawaja,26.05,74.28333333,Narbadkhera,Dug Well,W13582,2002,18.74,15.88,17.98,18.15
RJ,Ajmer,Beawar,Masuda,25.99722222,74.58333333,Ludiyana,Dug Well,W13580,2002,10.97,7.97,11.79,9.45
RJ,Ajmer,Beawar,Jawaja,25.93333333,74.2,Jawaja,Dug Well,W13579,2001,2.53,7.14,8.12,11.82
RJ,Ajmer,Beawar,Jawaja,25.90833333,74.2,Baglias,Dug Well,W13577,2001,1.22,6.37,5.4,'0
RJ,Ajmer,Kishangarh,Arain,26.45,75.06666667,Arian,Dug Well,W13586,2001,3.01,6.61,9.07,8.89
RJ,Ajmer,Nasirabad,Srinagar,26.51666667,74.78333333,Srinagar,Dug Well,W13590,2001,19.52,18.6,19.25,'0
RJ,Ajmer,Nasirabad,Srinagar,26.4,74.86666667,Kanpur1,Dug Well,W13587,2001,6.12,8.18,7.63,8.65
RJ,Ajmer,Ajmer,Peesangan,26.525,74.53055556,Tilora,Dug Well,W13576,2001,16.1,'0,15.74,'0
RJ,Ajmer,Ajmer,Srinagar,26.50416667,74.69166667,Ghugra,Dug Well,W13572,2001,'0,17.9,18.32,24.6
RJ,Ajmer,Bhinai,Bhinay,26.15,74.7,Bandanwara,Dug Well,W13568,2001,16.3,16.15,16.73,16.44
RJ,Ajmer,Masuda,Masuda,26.025,74.65833333,Jhopadiyan,Dug Well,W13569,2001,10.05,19.25,10.36,20.11
RJ,Ajmer,Beawar,Masuda,26.09166667,74.5125,Masuda,Dug Well,W13581,2001,4.22,13.64,5.38,20.24
RJ,Ajmer,Sarwar,Bhinay,26.14111111,74.80222222,Kalyanpura1,Dug Well,W13570,2001,8.08,9.5,10.52,10.16
RJ,Ajmer,Nasirabad,Peesangan,26.28666667,74.74027778,Nasirabad1,Dug Well,W13588,2001,2.15,4.43,2.52,4.95
RJ,Ajmer,Ajmer,Peesangan,26.34583333,74.42083333,Kalesra,Dug Well,W13573,2001,2.08,5.3,1.11,'0
RJ,Ajmer,Ajmer,Peesangan,26.3,74.53416667,Arjunpura,Dug Well,W13571,2001,24.05,28.5,24.17,29.89
RJ,Ajmer,Ajmer,Peesangan,26.23333333,74.49166667,Lamana,Dug Well,W13575,2001,10.08,9.8,10.79,10.77
RJ,Ajmer,Kekri,Kekri,25.83333333,75.23333333,Bogla,Dug Well,W13585,2001,'0,6.67,'0,7.85
RJ,Ajmer,Beawar,Jawaja,26.1,74.33333333,Beawar1,Dug Well,W13578,2001,6.19,11.68,7.46,13.85
RJ,Ajmer,Beawar,Masuda,26.1,74.41666667,Pakhriawas,Dug Well,W13583,2001,10.46,16.95,11.45,10.21
RJ,Ajmer,Sarwar,Arain,26.03333333,75.1,Ajagara,Dug Well,W13591,2001,4.02,4.55,3.39,6.25
RJ,Ajmer,Sarwar,Arain,25.91111111,75.04166667,Sanpla,Dug Well,W13594,2001,6.03,10.44,7.81,9.9
RJ,Ajmer,Nasirabad,Srinagar,26.26666667,74.83333333,Ramsar,Dug Well,W13589,2001,9.83,14.43,9.65,'0
RJ,Ajmer,Sarwar,Kekri,26.08888889,75.19444444,Joonia,Dug Well,W13593,2001,9.08,9.05,5.95,6.75
RJ,Ajmer,Beawar,Jawaja,25.88333333,74.15,Taragarh,Dug Well,W13584,2001,6.27,8.78,0.95,10.22
RJ,Ajmer,Beawar,Jawaja,26.05,74.28333333,Narbadkhera,Dug Well,W13582,2001,8.04,16.63,9.51,18.94
RJ,Ajmer,Beawar,Masuda,25.99722222,74.58333333,Ludiyana,Dug Well,W13580,2001,11.05,12.57,10.93,13.69
RJ,Ajmer,Beawar,Jawaja,25.93333333,74.2,Jawaja,Dug Well,W13579,2000,3.67,8.56,5.56,11.52
RJ,Ajmer,Beawar,Jawaja,25.90833333,74.2,Baglias,Dug Well,W13577,2000,3.93,6.36,5.39,8.48
RJ,Ajmer,Kishangarh,Arain,26.45,75.06666667,Arian,Dug Well,W13586,2000,8.78,5.04,5.92,13.13
RJ,Ajmer,Nasirabad,Srinagar,26.51666667,74.78333333,Srinagar,Dug Well,W13590,2000,16.62,16.16,17.68,20.1
RJ,Ajmer,Nasirabad,Srinagar,26.4,74.86666667,Kanpur1,Dug Well,W13587,2000,7.4,5.81,8.88,7.8
RJ,Ajmer,Ajmer,Peesangan,26.525,74.53055556,Tilora,Dug Well,W13576,2000,9.95,'0,19.39,15.55
RJ,Ajmer,Ajmer,Srinagar,26.50416667,74.69166667,Ghugra,Dug Well,W13572,2000,8.95,14.91,16,21.8
RJ,Ajmer,Ajmer,Peesangan,26.575,74.575,Karel,Dug Well,W13574,2000,15.8,21.06,19.97,'0
RJ,Ajmer,Bhinai,Bhinay,26.15,74.7,Bandanwara,Dug Well,W13568,2000,18,17.72,15.53,17.94
RJ,Ajmer,Masuda,Masuda,26.025,74.65833333,Jhopadiyan,Dug Well,W13569,2000,21.09,20.33,18.43,20.28
RJ,Ajmer,Beawar,Masuda,26.09166667,74.5125,Masuda,Dug Well,W13581,2000,7,11.88,12.44,20.94
RJ,Ajmer,Sarwar,Bhinay,26.14111111,74.80222222,Kalyanpura1,Dug Well,W13570,2000,8.24,8.21,8.7,9.51
RJ,Ajmer,Nasirabad,Peesangan,26.28666667,74.74027778,Nasirabad1,Dug Well,W13588,2000,'0,2.2,'0,4.1
RJ,Ajmer,Ajmer,Peesangan,26.34583333,74.42083333,Kalesra,Dug Well,W13573,2000,4.8,7.22,3.91,5.7
RJ,Ajmer,Ajmer,Peesangan,26.3,74.53416667,Arjunpura,Dug Well,W13571,2000,24.32,28.17,25.23,18.1
RJ,Ajmer,Ajmer,Peesangan,26.23333333,74.49166667,Lamana,Dug Well,W13575,2000,10.1,8.3,8.89,9.62
RJ,Ajmer,Kekri,Kekri,25.83333333,75.23333333,Bogla,Dug Well,W13585,2000,4.87,6.19,5.53,7.67
RJ,Ajmer,Beawar,Jawaja,26.1,74.33333333,Beawar1,Dug Well,W13578,2000,12.03,10.71,10.29,15.47
RJ,Ajmer,Beawar,Masuda,26.1,74.41666667,Pakhriawas,Dug Well,W13583,2000,'0,16.16,8.82,'0
RJ,Ajmer,Sarwar,Arain,26.03333333,75.1,Ajagara,Dug Well,W13591,2000,3.5,5.55,4.2,6.77
RJ,Ajmer,Sarwar,Arain,25.91111111,75.04166667,Sanpla,Dug Well,W13594,2000,18.3,9.12,10.09,10.45
RJ,Ajmer,Nasirabad,Srinagar,26.26666667,74.83333333,Ramsar,Dug Well,W13589,2000,12.12,13.88,13.18,'0
RJ,Ajmer,Sarwar,Kekri,26.08888889,75.19444444,Joonia,Dug Well,W13593,2000,5.48,7.83,8.62,8.86
RJ,Ajmer,Beawar,Jawaja,25.88333333,74.15,Taragarh,Dug Well,W13584,2000,7.37,6.87,7.42,9.67
RJ,Ajmer,Beawar,Jawaja,26.05,74.28333333,Narbadkhera,Dug Well,W13582,2000,8,16.56,12.52,18.02
RJ,Ajmer,Beawar,Masuda,25.99722222,74.58333333,Ludiyana,Dug Well,W13580,2000,10.08,15.53,12.09,12.75
RJ,Ajmer,Ajmer,Peesangan,26.525,74.53055556,Tilora,Dug Well,W13576,1999,9.2,7.83,12,16.33
RJ,Ajmer,Masuda,Masuda,26.025,74.65833333,Jhopadiyan,Dug Well,W13569,1999,20.42,15.75,17.05,15.8
RJ,Ajmer,Ajmer,Peesangan,26.575,74.575,Karel,Dug Well,W13574,1999,15.2,14.03,11,18.75
RJ,Ajmer,Bhinai,Bhinay,26.15,74.7,Bandanwara,Dug Well,W13568,1999,16.48,13.54,16.98,16.7
RJ,Ajmer,Beawar,Masuda,26.09166667,74.5125,Masuda,Dug Well,W13581,1999,7.15,7.03,10.49,12.4
RJ,Ajmer,Sarwar,Bhinay,26.14111111,74.80222222,Kalyanpura1,Dug Well,W13570,1999,6.54,6.12,7.08,5.22
RJ,Ajmer,Nasirabad,Peesangan,26.28666667,74.74027778,Nasirabad1,Dug Well,W13588,1999,0.84,2.25,2,5.1
RJ,Ajmer,Ajmer,Peesangan,26.34583333,74.42083333,Kalesra,Dug Well,W13573,1999,4.3,4.17,6.07,7.1
RJ,Ajmer,Ajmer,Peesangan,26.3,74.53416667,Arjunpura,Dug Well,W13571,1999,26.05,20.2,25.57,25.2
RJ,Ajmer,Kekri,Kekri,25.83333333,75.23333333,Bogla,Dug Well,W13585,1999,6.37,4.8,5.36,5.45
RJ,Ajmer,Beawar,Jawaja,25.93333333,74.2,Jawaja,Dug Well,W13579,1999,6.75,5.06,8.4,9.1
RJ,Ajmer,Beawar,Masuda,25.99722222,74.58333333,Ludiyana,Dug Well,W13580,1999,9.34,9.78,10.03,10.31
RJ,Ajmer,Kishangarh,Arain,26.45,75.06666667,Arian,Dug Well,W13586,1999,3.98,3.21,6.08,3.9
RJ,Ajmer,Nasirabad,Srinagar,26.51666667,74.78333333,Srinagar,Dug Well,W13590,1999,11.1,9.98,13.93,12.71
RJ,Ajmer,Nasirabad,Srinagar,26.4,74.86666667,Kanpur1,Dug Well,W13587,1999,4.4,3.92,5.3,5.2
RJ,Ajmer,Beawar,Jawaja,26.1,74.33333333,Beawar1,Dug Well,W13578,1999,7.8,9.15,9.7,12.19
RJ,Ajmer,Beawar,Masuda,26.1,74.41666667,Pakhriawas,Dug Well,W13583,1999,13.4,10.43,15.26,14.73
RJ,Ajmer,Sarwar,Arain,26.03333333,75.1,Ajagara,Dug Well,W13591,1999,4,4.05,6.76,5.08
RJ,Ajmer,Sarwar,Arain,25.91111111,75.04166667,Sanpla,Dug Well,W13594,1999,9.36,7.01,8.93,8.72
RJ,Ajmer,Nasirabad,Srinagar,26.26666667,74.83333333,Ramsar,Dug Well,W13589,1999,11.1,10.15,13.06,12.87
RJ,Ajmer,Sarwar,Kekri,26.08888889,75.19444444,Joonia,Dug Well,W13593,1999,4.12,6.38,5.68,7.4
RJ,Ajmer,Beawar,Jawaja,25.88333333,74.15,Taragarh,Dug Well,W13584,1999,5.27,5.1,5.8,8.18
RJ,Ajmer,Beawar,Jawaja,26.05,74.28333333,Narbadkhera,Dug Well,W13582,1999,13.28,13.79,16.55,15.49
RJ,Ajmer,Beawar,Jawaja,25.90833333,74.2,Baglias,Dug Well,W13577,1999,3.2,5.09,2.69,6.4
RJ,Ajmer,Ajmer,Srinagar,26.50416667,74.69166667,Ghugra,Dug Well,W13572,1999,10.78,7.89,13.56,12.76
RJ,Ajmer,Ajmer,Peesangan,26.525,74.53055556,Tilora,Dug Well,W13576,1998,9.7,6.34,12,13.02
RJ,Ajmer,Masuda,Masuda,26.025,74.65833333,Jhopadiyan,Dug Well,W13569,1998,17.7,16.8,15.82,21.62
RJ,Ajmer,Ajmer,Peesangan,26.575,74.575,Karel,Dug Well,W13574,1998,13.14,10.32,10.58,13.3
RJ,Ajmer,Bhinai,Bhinay,26.15,74.7,Bandanwara,Dug Well,W13568,1998,15.38,9.42,12.22,16.4
RJ,Ajmer,Beawar,Masuda,26.09166667,74.5125,Masuda,Dug Well,W13581,1998,3.45,2.07,3.37,7.07
RJ,Ajmer,Sarwar,Bhinay,26.14111111,74.80222222,Kalyanpura1,Dug Well,W13570,1998,4.9,8.2,4.96,5.07
RJ,Ajmer,Nasirabad,Peesangan,26.28666667,74.74027778,Nasirabad1,Dug Well,W13588,1998,2.2,1.65,1.37,2.75
RJ,Ajmer,Ajmer,Peesangan,26.34583333,74.42083333,Kalesra,Dug Well,W13573,1998,3.97,2.67,2.66,4.57
RJ,Ajmer,Ajmer,Peesangan,26.3,74.53416667,Arjunpura,Dug Well,W13571,1998,22.2,18.97,14.86,25.15
RJ,Ajmer,Kekri,Kekri,25.83333333,75.23333333,Bogla,Dug Well,W13585,1998,3.78,3.14,3.91,4.66
RJ,Ajmer,Beawar,Jawaja,25.93333333,74.2,Jawaja,Dug Well,W13579,1998,5.68,3.49,5.1,5.75
RJ,Ajmer,Beawar,Masuda,25.99722222,74.58333333,Ludiyana,Dug Well,W13580,1998,9.45,5.25,6.38,6.3
RJ,Ajmer,Kishangarh,Arain,26.45,75.06666667,Arian,Dug Well,W13586,1998,3.26,2.3,2.56,2.63
RJ,Ajmer,Nasirabad,Srinagar,26.51666667,74.78333333,Srinagar,Dug Well,W13590,1998,8,5.73,8.8,2.76
RJ,Ajmer,Nasirabad,Srinagar,26.4,74.86666667,Kanpur1,Dug Well,W13587,1998,4,2.36,4.24,3.9
RJ,Ajmer,Beawar,Jawaja,26.1,74.33333333,Beawar1,Dug Well,W13578,1998,8.02,9.75,6.02,10.07
RJ,Ajmer,Beawar,Masuda,26.1,74.41666667,Pakhriawas,Dug Well,W13583,1998,11.33,6.81,8.25,10.48
RJ,Ajmer,Sarwar,Arain,26.03333333,75.1,Ajagara,Dug Well,W13591,1998,3.76,3.56,4.05,3.39
RJ,Ajmer,Sarwar,Arain,25.91111111,75.04166667,Sanpla,Dug Well,W13594,1998,8.05,6.43,6.83,8.07
RJ,Ajmer,Nasirabad,Srinagar,26.26666667,74.83333333,Ramsar,Dug Well,W13589,1998,10.83,10.55,10.01,12.58
RJ,Ajmer,Sarwar,Kekri,26.08888889,75.19444444,Joonia,Dug Well,W13593,1998,5.54,5.43,4.42,6.25
RJ,Ajmer,Beawar,Jawaja,25.88333333,74.15,Taragarh,Dug Well,W13584,1998,5.68,1.71,4.72,4.23
RJ,Ajmer,Beawar,Jawaja,26.05,74.28333333,Narbadkhera,Dug Well,W13582,1998,9.5,8.72,9.1,11.2
RJ,Ajmer,Beawar,Jawaja,25.90833333,74.2,Baglias,Dug Well,W13577,1998,5.2,1.87,3.62,3.8
RJ,Ajmer,Ajmer,Srinagar,26.50416667,74.69166667,Ghugra,Dug Well,W13572,1998,8,2.53,5.96,8.08
RJ,Ajmer,Ajmer,Peesangan,26.525,74.53055556,Tilora,Dug Well,W13576,1997,'0,6.29,13,13.5
RJ,Ajmer,Beawar,Masuda,26.09166667,74.5125,Masuda,Dug Well,W13581,1997,1.29,3.95,1.89,7.07
RJ,Ajmer,Ajmer,Peesangan,26.575,74.575,Karel,Dug Well,W13574,1997,10.27,'0,10.28,'0
RJ,Ajmer,Bhinai,Bhinay,26.15,74.7,Bandanwara,Dug Well,W13568,1997,10.28,8.1,8.68,12.42
RJ,Ajmer,Sarwar,Bhinay,26.14111111,74.80222222,Kalyanpura1,Dug Well,W13570,1997,2.59,4.51,2.99,3.57
RJ,Ajmer,Nasirabad,Peesangan,26.28666667,74.74027778,Nasirabad1,Dug Well,W13588,1997,2.28,2.03,3.3,3.1
RJ,Ajmer,Ajmer,Peesangan,26.34583333,74.42083333,Kalesra,Dug Well,W13573,1997,1.57,2.5,2.53,'0
RJ,Ajmer,Ajmer,Peesangan,26.3,74.53416667,Arjunpura,Dug Well,W13571,1997,15.45,13.6,14.82,17.13
RJ,Ajmer,Kekri,Kekri,25.83333333,75.23333333,Bogla,Dug Well,W13585,1997,2.51,3.34,2.84,5.03
RJ,Ajmer,Beawar,Jawaja,25.93333333,74.2,Jawaja,Dug Well,W13579,1997,1.84,5.38,2.84,6.85
RJ,Ajmer,Beawar,Masuda,25.99722222,74.58333333,Ludiyana,Dug Well,W13580,1997,'0,6.01,4.98,6.64
RJ,Ajmer,Kishangarh,Arain,26.45,75.06666667,Arian,Dug Well,W13586,1997,2.52,1.83,2.18,2.66
RJ,Ajmer,Nasirabad,Srinagar,26.51666667,74.78333333,Srinagar,Dug Well,W13590,1997,5.77,9.84,5.78,8.7
RJ,Ajmer,Nasirabad,Srinagar,26.4,74.86666667,Kanpur1,Dug Well,W13587,1997,3.14,1.57,2.59,4.9
RJ,Ajmer,Beawar,Jawaja,26.1,74.33333333,Beawar1,Dug Well,W13578,1997,2.89,8.37,5.7,17.39
RJ,Ajmer,Beawar,Masuda,26.1,74.41666667,Pakhriawas,Dug Well,W13583,1997,2.36,7.86,4.24,9.99
RJ,Ajmer,Sarwar,Arain,26.03333333,75.1,Ajagara,Dug Well,W13591,1997,3.37,3.56,3.71,4.03
RJ,Ajmer,Sarwar,Arain,25.91111111,75.04166667,Sanpla,Dug Well,W13594,1997,7.27,6.89,7.17,7.93
RJ,Ajmer,Nasirabad,Srinagar,26.26666667,74.83333333,Ramsar,Dug Well,W13589,1997,9.6,6.14,9.4,10.32
RJ,Ajmer,Sarwar,Kekri,26.08888889,75.19444444,Joonia,Dug Well,W13593,1997,4.92,3.45,4.91,5.96
RJ,Ajmer,Beawar,Jawaja,25.88333333,74.15,Taragarh,Dug Well,W13584,1997,0.69,2.41,1.91,7.68
RJ,Ajmer,Beawar,Jawaja,26.05,74.28333333,Narbadkhera,Dug Well,W13582,1997,1.64,9.99,6.86,12.38
RJ,Ajmer,Beawar,Jawaja,25.90833333,74.2,Baglias,Dug Well,W13577,1997,0.51,2.33,3.48,4.01
RJ,Ajmer,Masuda,Masuda,26.025,74.65833333,Jhopadiyan,Dug Well,W13569,1997,11.94,5.3,9.68,11.22
RJ,Ajmer,Ajmer,Srinagar,26.50416667,74.69166667,Ghugra,Dug Well,W13572,1997,5.07,1.72,'0,4.79
RJ,Ajmer,Ajmer,Peesangan,26.525,74.53055556,Tilora,Dug Well,W13576,1996,3.18,'0,7.2,15.8
RJ,Ajmer,Ajmer,Srinagar,26.50416667,74.69166667,Ghugra,Dug Well,W13572,1996,3.68,7.35,2.46,'0
RJ,Ajmer,Ajmer,Peesangan,26.575,74.575,Karel,Dug Well,W13574,1996,8.66,12.3,9.49,13.2
RJ,Ajmer,Bhinai,Bhinay,26.15,74.7,Bandanwara,Dug Well,W13568,1996,7.66,15.55,7.47,18.05
RJ,Ajmer,Sarwar,Bhinay,26.14111111,74.80222222,Kalyanpura1,Dug Well,W13570,1996,4.46,5.7,2.36,7.1
RJ,Ajmer,Nasirabad,Peesangan,26.28666667,74.74027778,Nasirabad1,Dug Well,W13588,1996,2.74,3.68,1.86,14.2
RJ,Ajmer,Ajmer,Peesangan,26.34583333,74.42083333,Kalesra,Dug Well,W13573,1996,1.52,3.63,1.86,4.3
RJ,Ajmer,Ajmer,Peesangan,26.3,74.53416667,Arjunpura,Dug Well,W13571,1996,10.42,19.62,10.3,25.5
RJ,Ajmer,Kekri,Kekri,25.83333333,75.23333333,Bogla,Dug Well,W13585,1996,2.29,4.68,2.69,6.3
RJ,Ajmer,Beawar,Jawaja,25.93333333,74.2,Jawaja,Dug Well,W13579,1996,2.72,7.08,4.52,8.4
RJ,Ajmer,Beawar,Masuda,25.99722222,74.58333333,Ludiyana,Dug Well,W13580,1996,6.64,9.17,5.86,10.45
RJ,Ajmer,Kishangarh,Arain,26.45,75.06666667,Arian,Dug Well,W13586,1996,1.97,2.76,1.67,3.8
RJ,Ajmer,Nasirabad,Srinagar,26.51666667,74.78333333,Srinagar,Dug Well,W13590,1996,5.39,9.19,9.03,10.2
RJ,Ajmer,Nasirabad,Srinagar,26.4,74.86666667,Kanpur1,Dug Well,W13587,1996,1.46,4.45,1.49,6.7
RJ,Ajmer,Beawar,Jawaja,26.1,74.33333333,Beawar1,Dug Well,W13578,1996,5.24,13.33,7.6,13.95
RJ,Ajmer,Beawar,Masuda,26.1,74.41666667,Pakhriawas,Dug Well,W13583,1996,7.21,9.21,3.5,14.2
RJ,Ajmer,Sarwar,Arain,26.03333333,75.1,Ajagara,Dug Well,W13591,1996,1.68,3.63,3.36,4.5
RJ,Ajmer,Sarwar,Arain,25.91111111,75.04166667,Sanpla,Dug Well,W13594,1996,6.92,8.54,6.63,'0
RJ,Ajmer,Nasirabad,Srinagar,26.26666667,74.83333333,Ramsar,Dug Well,W13589,1996,5.94,9.9,5.92,14.05
RJ,Ajmer,Sarwar,Kekri,26.08888889,75.19444444,Joonia,Dug Well,W13593,1996,3.79,9.27,3.21,7.2
RJ,Ajmer,Beawar,Jawaja,25.88333333,74.15,Taragarh,Dug Well,W13584,1996,0.96,2.34,1.63,6.2
RJ,Ajmer,Beawar,Jawaja,26.05,74.28333333,Narbadkhera,Dug Well,W13582,1996,3.96,12.62,6.92,14.98
RJ,Ajmer,Beawar,Jawaja,25.90833333,74.2,Baglias,Dug Well,W13577,1996,1.06,2.5,2.02,4.78
RJ,Ajmer,Masuda,Masuda,26.025,74.65833333,Jhopadiyan,Dug Well,W13569,1996,5.76,19.26,4.63,10.05
RJ,Ajmer,Beawar,Masuda,26.09166667,74.5125,Masuda,Dug Well,W13581,1996,4.71,6.33,2.33,11.5
RJ,Ajmer,Ajmer,Srinagar,26.50416667,74.69166667,Ghugra,Dug Well,W13572,1995,8.65,9.67,7.04,6.8
RJ,Ajmer,Masuda,Masuda,26.025,74.65833333,Jhopadiyan,Dug Well,W13569,1995,10.27,10.15,11.38,11.8
RJ,Ajmer,Beawar,Jawaja,25.90833333,74.2,Baglias,Dug Well,W13577,1995,1.04,6.6,3.65,5.2
RJ,Ajmer,Beawar,Jawaja,26.05,74.28333333,Narbadkhera,Dug Well,W13582,1995,6.48,11.08,10.88,14.5
RJ,Ajmer,Beawar,Jawaja,25.88333333,74.15,Taragarh,Dug Well,W13584,1995,1.01,2.68,2.24,5.8
RJ,Ajmer,Sarwar,Kekri,26.08888889,75.19444444,Joonia,Dug Well,W13593,1995,4.42,5.18,6,6.73
RJ,Ajmer,Nasirabad,Srinagar,26.26666667,74.83333333,Ramsar,Dug Well,W13589,1995,6.95,7.7,9.4,9.63
RJ,Ajmer,Sarwar,Arain,25.91111111,75.04166667,Sanpla,Dug Well,W13594,1995,6.76,6.13,8.05,9
RJ,Ajmer,Sarwar,Arain,26.03333333,75.1,Ajagara,Dug Well,W13591,1995,3.16,3.45,3.53,3.05
RJ,Ajmer,Beawar,Masuda,26.1,74.41666667,Pakhriawas,Dug Well,W13583,1995,7.01,5.25,12.44,13.1
RJ,Ajmer,Beawar,Jawaja,26.1,74.33333333,Beawar1,Dug Well,W13578,1995,6.4,17,8.58,12.2
RJ,Ajmer,Ajmer,Peesangan,26.525,74.53055556,Tilora,Dug Well,W13576,1995,5.23,16.8,8.88,5.8
RJ,Ajmer,Nasirabad,Srinagar,26.4,74.86666667,Kanpur1,Dug Well,W13587,1995,1.8,2.75,2.9,'0
RJ,Ajmer,Nasirabad,Srinagar,26.51666667,74.78333333,Srinagar,Dug Well,W13590,1995,4.86,10.08,9.28,11.55
RJ,Ajmer,Kishangarh,Arain,26.45,75.06666667,Arian,Dug Well,W13586,1995,1.71,3.05,2.58,4.5
RJ,Ajmer,Beawar,Masuda,25.99722222,74.58333333,Ludiyana,Dug Well,W13580,1995,8.43,5.9,9.69,9.9
RJ,Ajmer,Beawar,Jawaja,25.93333333,74.2,Jawaja,Dug Well,W13579,1995,2.32,7.87,4.59,9.2
RJ,Ajmer,Kekri,Kekri,25.83333333,75.23333333,Bogla,Dug Well,W13585,1995,3.9,3.27,4.09,5.35
RJ,Ajmer,Ajmer,Peesangan,26.3,74.53416667,Arjunpura,Dug Well,W13571,1995,10.1,18.33,13.75,30
RJ,Ajmer,Ajmer,Peesangan,26.34583333,74.42083333,Kalesra,Dug Well,W13573,1995,2.18,2.2,3.2,5.8
RJ,Ajmer,Nasirabad,Peesangan,26.28666667,74.74027778,Nasirabad1,Dug Well,W13588,1995,2.38,7,4.47,14.1
RJ,Ajmer,Sarwar,Bhinay,26.14111111,74.80222222,Kalyanpura1,Dug Well,W13570,1995,4.89,4.8,5.05,5.7
RJ,Ajmer,Bhinai,Bhinay,26.15,74.7,Bandanwara,Dug Well,W13568,1995,8.63,14.4,12.35,19.3
RJ,Ajmer,Ajmer,Peesangan,26.575,74.575,Karel,Dug Well,W13574,1995,'0,22.04,16.04,'0
RJ,Ajmer,Beawar,Masuda,26.09166667,74.5125,Masuda,Dug Well,W13581,1995,5.34,4.66,4.47,9.5
RJ,Ajmer,Nasirabad,Srinagar,26.4,74.86666667,Kanpur1,Dug Well,W13587,1994,'0,4.1,3.55,6.8
RJ,Ajmer,Ajmer,Srinagar,26.50416667,74.69166667,Ghugra,Dug Well,W13572,1994,8.14,7.71,8.06,13.04
RJ,Ajmer,Nasirabad,Srinagar,26.51666667,74.78333333,Srinagar,Dug Well,W13590,1994,8.48,'0,9.95,15.1
RJ,Ajmer,Beawar,Jawaja,26.05,74.28333333,Narbadkhera,Dug Well,W13582,1994,4.89,16.7,7.46,17.72
RJ,Ajmer,Kishangarh,Arain,26.45,75.06666667,Arian,Dug Well,W13586,1994,'0,3.4,2.54,4.96
RJ,Ajmer,Sarwar,Arain,25.91111111,75.04166667,Sanpla,Dug Well,W13594,1994,6.24,8.08,6.46,9.53
RJ,Ajmer,Beawar,Masuda,25.99722222,74.58333333,Ludiyana,Dug Well,W13580,1994,10.24,'0,'0,12.67
RJ,Ajmer,Beawar,Masuda,26.09166667,74.5125,Masuda,Dug Well,W13581,1994,4.34,11.29,2.73,13.2
RJ,Ajmer,Beawar,Jawaja,25.93333333,74.2,Jawaja,Dug Well,W13579,1994,5.18,12.7,5.35,13.59
RJ,Ajmer,Sarwar,Arain,26.03333333,75.1,Ajagara,Dug Well,W13591,1994,1.56,3.66,1.84,4.54
RJ,Ajmer,Kekri,Kekri,25.83333333,75.23333333,Bogla,Dug Well,W13585,1994,2.38,'0,2.7,6.56
RJ,Ajmer,Beawar,Jawaja,25.88333333,74.15,Taragarh,Dug Well,W13584,1994,1.5,7.06,1.87,9.8
RJ,Ajmer,Ajmer,Peesangan,26.3,74.53416667,Arjunpura,Dug Well,W13571,1994,11.1,28.1,13.9,28.98
RJ,Ajmer,Beawar,Masuda,26.1,74.41666667,Pakhriawas,Dug Well,W13583,1994,6.24,6.16,5.5,'0
RJ,Ajmer,Ajmer,Peesangan,26.34583333,74.42083333,Kalesra,Dug Well,W13573,1994,1.5,1.36,1.86,5.06
RJ,Ajmer,Beawar,Jawaja,25.90833333,74.2,Baglias,Dug Well,W13577,1994,3.65,9.34,4.95,'0
RJ,Ajmer,Nasirabad,Peesangan,26.28666667,74.74027778,Nasirabad1,Dug Well,W13588,1994,4.87,8.4,5.28,12.18
RJ,Ajmer,Beawar,Jawaja,26.1,74.33333333,Beawar1,Dug Well,W13578,1994,7.8,'0,13.8,17.88
RJ,Ajmer,Sarwar,Bhinay,26.14111111,74.80222222,Kalyanpura1,Dug Well,W13570,1994,4.35,5.3,3.18,6.43
RJ,Ajmer,Sarwar,Kekri,26.08888889,75.19444444,Joonia,Dug Well,W13593,1994,5.36,6.36,2.06,7.7
RJ,Ajmer,Bhinai,Bhinay,26.15,74.7,Bandanwara,Dug Well,W13568,1994,8.46,15.34,12.84,19.71
RJ,Ajmer,Ajmer,Peesangan,26.525,74.53055556,Tilora,Dug Well,W13576,1994,9.71,11.64,'0,19.8
RJ,Ajmer,Masuda,Masuda,26.025,74.65833333,Jhopadiyan,Dug Well,W13569,1994,7.26,15.16,8.83,16.87
RJ,Ajmer,Nasirabad,Srinagar,26.26666667,74.83333333,Ramsar,Dug Well,W13589,1994,5.28,'0,6.84,13.3
